SNo;Город;Регион;Федеральный округ;Население
;;;;
1;Адыгейск;Адыгея;Южный;12248
2;Майкоп;Адыгея;Южный;144246
3;Горно-Алтайск;Алтай;Сибирский;56928
4;Алейск;Алтайский край;Сибирский;29512
5;Барнаул;Алтайский край;Сибирский;612091
6;Белокуриха;Алтайский край;Сибирский;14660
7;Бийск;Алтайский край;Сибирский;210055
8;Горняк;Алтайский край;Сибирский;13924
9;Заринск;Алтайский край;Сибирский;48456
10;Змеиногорск;Алтайский край;Сибирский;10955
11;Камень-на-Оби;Алтайский край;Сибирский;43880
12;Новоалтайск;Алтайский край;Сибирский;70438
13;Рубцовск;Алтайский край;Сибирский;147008
14;Славгород;Алтайский край;Сибирский;32390
15;Яровое;Алтайский край;Сибирский;18605
16;Белогорск;Амурская область;Дальневосточный;68220
17;Благовещенск;Амурская область;Дальневосточный;214397
18;Завитинск;Амурская область;Дальневосточный;11481
19;Зея;Амурская область;Дальневосточный;25042
20;Райчихинск;Амурская область;Дальневосточный;20499
21;Свободный;Амурская область;Дальневосточный;58594
22;Сковородино;Амурская область;Дальневосточный;9561
23;Тында;Амурская область;Дальневосточный;35574
24;Шимановск;Амурская область;Дальневосточный;19815
25;Архангельск;Архангельская область;Северо-Западный;348716
26;Вельск;Архангельская область;Северо-Западный;23885
27;Каргополь;Архангельская область;Северо-Западный;10148
28;Коряжма;Архангельская область;Северо-Западный;39629
29;Котлас;Архангельская область;Северо-Западный;60562
30;Мезень;Архангельская область;Северо-Западный;3599
31;Мирный;Архангельская область;Северо-Западный;30259
32;Новодвинск;Архангельская область;Северо-Западный;40612
33;Няндома;Архангельская область;Северо-Западный;22354
34;Онега;Архангельская область;Северо-Западный;21359
35;Северодвинск;Архангельская область;Северо-Западный;192265
36;Сольвычегодск;Архангельская область;Северо-Западный;2460
37;Шенкурск;Архангельская область;Северо-Западный;5702
38;Астрахань;Астраханская область;Южный;520662
39;Ахтубинск;Астраханская область;Южный;41898
40;Знаменск;Астраханская область;Южный;29357
41;Камызяк;Астраханская область;Южный;16291
42;Нариманов;Астраханская область;Южный;11386
43;Харабали;Астраханская область;Южный;18209
44;Агидель;Башкортостан;Приволжский;16365
45;Баймак;Башкортостан;Приволжский;17710
46;Белебей;Башкортостан;Приволжский;60183
47;Белорецк;Башкортостан;Приволжский;68804
48;Бирск;Башкортостан;Приволжский;41637
49;Благовещенск;Башкортостан;Приволжский;34246
50;Давлеканово;Башкортостан;Приволжский;24040
51;Дюртюли;Башкортостан;Приволжский;31272
52;Ишимбай;Башкортостан;Приволжский;66259
53;Кумертау;Башкортостан;Приволжский;62854
54;Межгорье;Башкортостан;Приволжский;17353
55;Мелеуз;Башкортостан;Приволжский;61408
56;Нефтекамск;Башкортостан;Приволжский;121757
57;Октябрьский;Башкортостан;Приволжский;109379
58;Салават;Башкортостан;Приволжский;156085
59;Сибай;Башкортостан;Приволжский;62732
60;Стерлитамак;Башкортостан;Приволжский;273432
61;Туймазы;Башкортостан;Приволжский;66849
62;Уфа;Башкортостан;Приволжский;1062300
63;Учалы;Башкортостан;Приволжский;37771
64;Янаул;Башкортостан;Приволжский;26988
65;Алексеевка;Белгородская область;Центральный;39026
66;Белгород;Белгородская область;Центральный;356426
67;Бирюч;Белгородская область;Центральный;7842
68;Валуйки;Белгородская область;Центральный;35322
69;Грайворон;Белгородская область;Центральный;6234
70;Губкин;Белгородская область;Центральный;88562
71;Короча;Белгородская область;Центральный;5877
72;Новый Оскол;Белгородская область;Центральный;19530
73;Старый Оскол;Белгородская область;Центральный;221163
74;Строитель;Белгородская область;Центральный;23933
75;Шебекино;Белгородская область;Центральный;44277
76;Брянск;Брянская область;Центральный;415640
77;Дятьково;Брянская область;Центральный;29438
78;Жуковка;Брянская область;Центральный;18269
79;Злынка;Брянская область;Центральный;5507
80;Карачев;Брянская область;Центральный;19715
81;Клинцы;Брянская область;Центральный;62510
82;Мглин;Брянская область;Центральный;7916
83;Новозыбков;Брянская область;Центральный;40552
84;Почеп;Брянская область;Центральный;17933
85;Севск;Брянская область;Центральный;7282
86;Сельцо;Брянская область;Центральный;17933
87;Стародуб;Брянская область;Центральный;19010
88;Сураж;Брянская область;Центральный;11640
89;Трубчевск;Брянская область;Центральный;15014
90;Унеча;Брянская область;Центральный;26196
91;Фокино;Брянская область;Центральный;13874
92;Бабушкин;Бурятия;Сибирский;4839
93;Гусиноозёрск;Бурятия;Сибирский;24603
94;Закаменск;Бурятия;Сибирский;11530
95;Кяхта;Бурятия;Сибирский;20041
96;Северобайкальск;Бурятия;Сибирский;24935
97;Улан-Удэ;Бурятия;Сибирский;404357
98;Александров;Владимирская область;Центральный;61544
99;Владимир;Владимирская область;Центральный;348256
100;Вязники;Владимирская область;Центральный;41252
101;Гороховец;Владимирская область;Центральный;14015
102;Гусь-Хрустальный;Владимирская область;Центральный;60773
103;Камешково;Владимирская область;Центральный;13113
104;Карабаново;Владимирская область;Центральный;14868
105;Киржач;Владимирская область;Центральный;30044
106;Ковров;Владимирская область;Центральный;145492
107;Кольчугино;Владимирская область;Центральный;45804
108;Костерёво;Владимирская область;Центральный;9136
109;Курлово;Владимирская область;Центральный;6791
110;Лакинск;Владимирская область;Центральный;15707
111;Меленки;Владимирская область;Центральный;15208
112;Муром;Владимирская область;Центральный;116078
113;Петушки;Владимирская область;Центральный;15167
114;Покров;Владимирская область;Центральный;17762
115;Радужный;Владимирская область;Центральный;18212
116;Собинка;Владимирская область;Центральный;19482
117;Струнино;Владимирская область;Центральный;14372
118;Судогда;Владимирская область;Центральный;11848
119;Суздаль;Владимирская область;Центральный;10535
120;Юрьев-Польский;Владимирская область;Центральный;19588
121;Волгоград;Волгоградская область;Южный;1021244
122;Волжский;Волгоградская область;Южный;314436
123;Дубовка;Волгоградская область;Южный;14345
124;Жирновск;Волгоградская область;Южный;16890
125;Калач-на-Дону;Волгоградская область;Южный;26892
126;Камышин;Волгоградская область;Южный;119924
127;Котельниково;Волгоградская область;Южный;20441
128;Котово;Волгоградская область;Южный;24104
129;Краснослободск;Волгоградская область;Южный;16007
130;Ленинск;Волгоградская область;Южный;15527
131;Михайловка;Волгоградская область;Южный;59153
132;Николаевск;Волгоградская область;Южный;15081
133;Новоаннинский;Волгоградская область;Южный;17911
134;Палласовка;Волгоградская область;Южный;15984
135;Петров Вал;Волгоградская область;Южный;13264
136;Серафимович;Волгоградская область;Южный;9368
137;Суровикино;Волгоградская область;Южный;20527
138;Урюпинск;Волгоградская область;Южный;41594
139;Фролово;Волгоградская область;Южный;39489
140;Бабаево;Вологодская область;Северо-Западный;12074
141;Белозерск;Вологодская область;Северо-Западный;9614
142;Великий Устюг;Вологодская область;Северо-Западный;31664
143;Вологда;Вологодская область;Северо-Западный;301642
144;Вытегра;Вологодская область;Северо-Западный;10490
145;Грязовец;Вологодская область;Северо-Западный;15528
146;Кадников;Вологодская область;Северо-Западный;4797
147;Кириллов;Вологодская область;Северо-Западный;7735
148;Красавино;Вологодская область;Северо-Западный;7003
149;Никольск;Вологодская область;Северо-Западный;8515
150;Сокол;Вологодская область;Северо-Западный;38454
151;Тотьма;Вологодская область;Северо-Западный;9784
152;Устюжна;Вологодская область;Северо-Западный;9478
153;Харовск;Вологодская область;Северо-Западный;10078
154;Череповец;Вологодская область;Северо-Западный;312311
155;Бобров;Воронежская область;Центральный;19738
156;Богучар;Воронежская область;Центральный;11811
157;Борисоглебск;Воронежская область;Центральный;65585
158;Бутурлиновка;Воронежская область;Центральный;27208
159;Воронеж;Воронежская область;Центральный;889989
160;Калач;Воронежская область;Центральный;20046
161;Лиски;Воронежская область;Центральный;55864
162;Нововоронеж;Воронежская область;Центральный;32635
163;Новохопёрск;Воронежская область;Центральный;6849
164;Острогожск;Воронежская область;Центральный;33842
165;Павловск;Воронежская область;Центральный;25126
166;Поворино;Воронежская область;Центральный;17692
167;Россошь;Воронежская область;Центральный;62865
168;Семилуки;Воронежская область;Центральный;26025
169;Эртиль;Воронежская область;Центральный;11387
170;Буйнакск;Дагестан;Северо-Кавказский;65735
171;Дагестанские Огни;Дагестан;Северо-Кавказский;30671
172;Дербент;Дагестан;Северо-Кавказский;119961
173;Избербаш;Дагестан;Северо-Кавказский;56301
174;Каспийск;Дагестан;Северо-Кавказский;103914
175;Кизилюрт;Дагестан;Северо-Кавказский;36187
176;Кизляр;Дагестан;Северо-Кавказский;49169
177;Махачкала;Дагестан;Северо-Кавказский;577990
178;Хасавюрт;Дагестан;Северо-Кавказский;133929
179;Южно-Сухокумск;Дагестан;Северо-Кавказский;10048
180;Биробиджан;Еврейская АО;Дальневосточный;75419
181;Облучье;Еврейская АО;Дальневосточный;9379
182;Балей;Забайкальский край;Сибирский;12536
183;Борзя;Забайкальский край;Сибирский;31376
184;Краснокаменск;Забайкальский край;Сибирский;55668
185;Могоча;Забайкальский край;Сибирский;13228
186;Нерчинск;Забайкальский край;Сибирский;14976
187;Петровск-Забайкальский;Забайкальский край;Сибирский;18555
188;Сретенск;Забайкальский край;Сибирский;6850
189;Хилок;Забайкальский край;Сибирский;11530
190;Чита;Забайкальский край;Сибирский;323964
191;Шилка;Забайкальский край;Сибирский;13947
192;Вичуга;Ивановская область;Центральный;37609
193;Гаврилов Посад;Ивановская область;Центральный;6434
194;Заволжск;Ивановская область;Центральный;12045
195;Иваново;Ивановская область;Центральный;409277
196;Кинешма;Ивановская область;Центральный;88113
197;Комсомольск;Ивановская область;Центральный;8693
198;Кохма;Ивановская область;Центральный;29408
199;Наволоки;Ивановская область;Центральный;10207
200;Плёс;Ивановская область;Центральный;2341
201;Приволжск;Ивановская область;Центральный;16749
202;Пучеж;Ивановская область;Центральный;8583
203;Родники;Ивановская область;Центральный;26318
204;Тейково;Ивановская область;Центральный;34993
205;Фурманов;Ивановская область;Центральный;36149
206;Шуя;Ивановская область;Центральный;58528
207;Южа;Ивановская область;Центральный;14170
208;Юрьевец;Ивановская область;Центральный;10205
209;Карабулак;Ингушетия;Северо-Кавказский;31081
210;Магас;Ингушетия;Северо-Кавказский;2505
211;Малгобек;Ингушетия;Северо-Кавказский;31076
212;Назрань;Ингушетия;Северо-Кавказский;93357
213;Алзамай;Иркутская область;Сибирский;6751
214;Ангарск;Иркутская область;Сибирский;233765
215;Байкальск;Иркутская область;Сибирский;13589
216;Бирюсинск;Иркутская область;Сибирский;8981
217;Бодайбо;Иркутская область;Сибирский;15331
218;Братск;Иркутская область;Сибирский;246348
219;Вихоревка;Иркутская область;Сибирский;22528
220;Железногорск-Илимский;Иркутская область;Сибирский;26134
221;Зима;Иркутская область;Сибирский;32522
222;Иркутск;Иркутская область;Сибирский;587225
223;Киренск;Иркутская область;Сибирский;12652
224;Нижнеудинск;Иркутская область;Сибирский;37056
225;Саянск;Иркутская область;Сибирский;40786
226;Свирск;Иркутская область;Сибирский;13649
227;Слюдянка;Иркутская область;Сибирский;18542
228;Тайшет;Иркутская область;Сибирский;35481
229;Тулун;Иркутская область;Сибирский;44603
230;Усолье-Сибирское;Иркутская область;Сибирский;83364
231;Усть-Илимск;Иркутская область;Сибирский;86591
232;Усть-Кут;Иркутская область;Сибирский;45061
233;Черемхово;Иркутская область;Сибирский;52650
234;Шелехов;Иркутская область;Сибирский;47960
235;Баксан;Кабардино-Балкария;Северо-Кавказский;36857
236;Майский;Кабардино-Балкария;Северо-Кавказский;26755
237;Нальчик;Кабардино-Балкария;Северо-Кавказский;240095
238;Нарткала;Кабардино-Балкария;Северо-Кавказский;31679
239;Прохладный;Кабардино-Балкария;Северо-Кавказский;59595
240;Терек;Кабардино-Балкария;Северо-Кавказский;19170
241;Тырныауз;Кабардино-Балкария;Северо-Кавказский;21000
242;Чегем;Кабардино-Балкария;Северо-Кавказский;17988
243;Багратионовск;Калининградская область;Северо-Западный;6399
244;Балтийск;Калининградская область;Северо-Западный;32670
245;Гвардейск;Калининградская область;Северо-Западный;13888
246;Гурьевск;Калининградская область;Северо-Западный;12433
247;Гусев;Калининградская область;Северо-Западный;28260
248;Зеленоградск;Калининградская область;Северо-Западный;13015
249;Калининград;Калининградская область;Северо-Западный;431491
250;Краснознаменск;Калининградская область;Северо-Западный;3522
251;Ладушкин;Калининградская область;Северо-Западный;3788
252;Мамоново;Калининградская область;Северо-Западный;7757
253;Неман;Калининградская область;Северо-Западный;11794
254;Нестеров;Калининградская область;Северо-Западный;4584
255;Озёрск;Калининградская область;Северо-Западный;4740
256;Пионерский;Калининградская область;Северо-Западный;11017
257;Полесск;Калининградская область;Северо-Западный;7580
258;Правдинск;Калининградская область;Северо-Западный;4323
259;Светлогорск;Калининградская область;Северо-Западный;10775
260;Светлый;Калининградская область;Северо-Западный;21380
261;Славск;Калининградская область;Северо-Западный;4614
262;Советск;Калининградская область;Северо-Западный;41709
263;Черняховск;Калининградская область;Северо-Западный;40464
264;Приморск;Калининградская область;Северо-Западный;1956
265;Городовиковск;Калмыкия;Южный;9565
266;Лагань;Калмыкия;Южный;14323
267;Элиста;Калмыкия;Южный;103728
268;Балабаново;Калужская область;Центральный;26337
269;Белоусово;Калужская область;Центральный;8432
270;Боровск;Калужская область;Центральный;12283
271;Ермолино;Калужская область;Центральный;10409
272;Жиздра;Калужская область;Центральный;5585
273;Жуков;Калужская область;Центральный;12150
274;Калуга;Калужская область;Центральный;325185
275;Киров;Калужская область;Центральный;31888
276;Козельск;Калужская область;Центральный;18203
277;Кондрово;Калужская область;Центральный;16672
278;Кремёнки;Калужская область;Центральный;11617
279;Людиново;Калужская область;Центральный;40550
280;Малоярославец;Калужская область;Центральный;30401
281;Медынь;Калужская область;Центральный;8298
282;Мещовск;Калужская область;Центральный;4101
283;Мосальск;Калужская область;Центральный;4285
284;Обнинск;Калужская область;Центральный;104798
285;Сосенский;Калужская область;Центральный;12394
286;Спас-Деменск;Калужская область;Центральный;4904
287;Сухиничи;Калужская область;Центральный;16295
288;Таруса;Калужская область;Центральный;9656
289;Юхнов;Калужская область;Центральный;7056
290;Вилючинск;Камчатский край;Дальневосточный;22905
291;Елизово;Камчатский край;Дальневосточный;39548
292;Петропавловск-Камчатский;Камчатский край;Дальневосточный;179526
293;Карачаевск;Карачаево-Черкесия;Северо-Кавказский;23848
294;Теберда;Карачаево-Черкесия;Северо-Кавказский;9097
295;Усть-Джегута;Карачаево-Черкесия;Северо-Кавказский;30602
296;Черкесск;Карачаево-Черкесия;Северо-Кавказский;121439
297;Беломорск;Карелия;Северо-Западный;11217
298;Кемь;Карелия;Северо-Западный;13061
299;Кондопога;Карелия;Северо-Западный;32978
300;Костомукша;Карелия;Северо-Западный;28433
301;Лахденпохья;Карелия;Северо-Западный;7818
302;Медвежьегорск;Карелия;Северо-Западный;15536
303;Олонец;Карелия;Северо-Западный;9060
304;Петрозаводск;Карелия;Северо-Западный;263540
305;Питкяранта;Карелия;Северо-Западный;11484
306;Пудож;Карелия;Северо-Западный;9698
307;Сегежа;Карелия;Северо-Западный;29660
308;Сортавала;Карелия;Северо-Западный;19215
309;Суоярви;Карелия;Северо-Западный;9763
310;Анжеро-Судженск;Кемеровская область;Сибирский;76669
311;Белово;Кемеровская область;Сибирский;76752
312;Берёзовский;Кемеровская область;Сибирский;47292
313;Гурьевск;Кемеровская область;Сибирский;24816
314;Калтан;Кемеровская область;Сибирский;21893
315;Кемерово;Кемеровская область;Сибирский;532884
316;Киселёвск;Кемеровская область;Сибирский;98382
317;Ленинск-Кузнецкий;Кемеровская область;Сибирский;101666
318;Мариинск;Кемеровская область;Сибирский;40522
319;Междуреченск;Кемеровская область;Сибирский;101995
320;Мыски;Кемеровская область;Сибирский;43029
321;Новокузнецк;Кемеровская область;Сибирский;547885
322;Осинники;Кемеровская область;Сибирский;45997
323;Полысаево;Кемеровская область;Сибирский;27624
324;Прокопьевск;Кемеровская область;Сибирский;210150
325;Салаир;Кемеровская область;Сибирский;8263
326;Тайга;Кемеровская область;Сибирский;25330
327;Таштагол;Кемеровская область;Сибирский;23114
328;Топки;Кемеровская область;Сибирский;28642
329;Юрга;Кемеровская область;Сибирский;81536
330;Белая Холуница;Кировская область;Приволжский;11232
331;Вятские Поляны;Кировская область;Приволжский;35159
332;Зуевка;Кировская область;Приволжский;11198
333;Киров;Кировская область;Приволжский;473668
334;Кирово-Чепецк;Кировская область;Приволжский;80920
335;Кирс;Кировская область;Приволжский;10420
336;Котельнич;Кировская область;Приволжский;24979
337;Луза;Кировская область;Приволжский;11262
338;Малмыж;Кировская область;Приволжский;8265
339;Мураши;Кировская область;Приволжский;6752
340;Нолинск;Кировская область;Приволжский;9556
341;Омутнинск;Кировская область;Приволжский;23618
342;Орлов;Кировская область;Приволжский;6959
343;Слободской;Кировская область;Приволжский;33983
344;Советск;Кировская область;Приволжский;16592
345;Сосновка;Кировская область;Приволжский;11960
346;Уржум;Кировская область;Приволжский;10213
347;Яранск;Кировская область;Приволжский;17252
348;Воркута;Коми;Северо-Западный;70551
349;Вуктыл;Коми;Северо-Западный;12357
350;Емва;Коми;Северо-Западный;14574
351;Инта;Коми;Северо-Западный;32021
352;Микунь;Коми;Северо-Западный;10732
353;Печора;Коми;Северо-Западный;43458
354;Сосногорск;Коми;Северо-Западный;27809
355;Сыктывкар;Коми;Северо-Западный;235006
356;Усинск;Коми;Северо-Западный;41100
357;Ухта;Коми;Северо-Западный;99642
358;Буй;Костромская область;Центральный;25763
359;Волгореченск;Костромская область;Центральный;17108
360;Галич;Костромская область;Центральный;17346
361;Кологрив;Костромская область;Центральный;3314
362;Кострома;Костромская область;Центральный;268617
363;Макарьев;Костромская область;Центральный;7114
364;Мантурово;Костромская область;Центральный;17479
365;Нерехта;Костромская область;Центральный;22817
366;Нея;Костромская область;Центральный;9827
367;Солигалич;Костромская область;Центральный;6438
368;Чухлома;Костромская область;Центральный;5209
369;Шарья;Костромская область;Центральный;23668
370;Абинск;Краснодарский край;Южный;34926
371;Анапа;Краснодарский край;Южный;58983
372;Апшеронск;Краснодарский край;Южный;40229
373;Армавир;Краснодарский край;Южный;188897
374;Белореченск;Краснодарский край;Южный;53891
375;Геленджик;Краснодарский край;Южный;54813
376;Горячий Ключ;Краснодарский край;Южный;30093
377;Гулькевичи;Краснодарский край;Южный;35225
378;Ейск;Краснодарский край;Южный;87771
379;Кореновск;Краснодарский край;Южный;41179
380;Краснодар;Краснодарский край;Южный;744933
381;Кропоткин;Краснодарский край;Южный;80743
382;Крымск;Краснодарский край;Южный;57370
383;Курганинск;Краснодарский край;Южный;47974
384;Лабинск;Краснодарский край;Южный;62822
385;Новокубанск;Краснодарский край;Южный;34847
386;Новороссийск;Краснодарский край;Южный;241788
387;Приморско-Ахтарск;Краснодарский край;Южный;32253
388;Славянск-на-Кубани;Краснодарский край;Южный;63768
389;Сочи;Краснодарский край;Южный;343285
390;Темрюк;Краснодарский край;Южный;38014
391;Тимашёвск;Краснодарский край;Южный;53921
392;Тихорецк;Краснодарский край;Южный;61825
393;Туапсе;Краснодарский край;Южный;63233
394;Усть-Лабинск;Краснодарский край;Южный;43268
395;Хадыженск;Краснодарский край;Южный;21580
396;Артёмовск;Красноярский край;Сибирский;2180
397;Ачинск;Красноярский край;Сибирский;109156
398;Боготол;Красноярский край;Сибирский;21029
399;Бородино;Красноярский край;Сибирский;17423
400;Дивногорск;Красноярский край;Сибирский;28271
401;Дудинка;Красноярский край;Сибирский;22207
402;Енисейск;Красноярский край;Сибирский;18769
403;Железногорск;Красноярский край;Сибирский;85559
404;Заозёрный;Красноярский край;Сибирский;10683
405;Зеленогорск;Красноярский край;Сибирский;66018
406;Игарка;Красноярский край;Сибирский;6183
407;Иланский;Красноярский край;Сибирский;16108
408;Канск;Красноярский край;Сибирский;94230
409;Кодинск;Красноярский край;Сибирский;14835
410;Красноярск;Красноярский край;Сибирский;1000000
411;Лесосибирск;Красноярский край;Сибирский;61146
412;Минусинск;Красноярский край;Сибирский;71171
413;Назарово;Красноярский край;Сибирский;52829
414;Норильск;Красноярский край;Сибирский;175301
415;Сосновоборск;Красноярский край;Сибирский;33090
416;Ужур;Красноярский край;Сибирский;16079
417;Уяр;Красноярский край;Сибирский;12666
418;Шарыпово;Красноярский край;Сибирский;38570
419;Далматово;Курганская область;Уральский;13913
420;Катайск;Курганская область;Уральский;14017
421;Курган;Курганская область;Уральский;333640
422;Куртамыш;Курганская область;Уральский;17098
423;Макушино;Курганская область;Уральский;8337
424;Петухово;Курганская область;Уральский;11291
425;Шадринск;Курганская область;Уральский;77744
426;Шумиха;Курганская область;Уральский;17821
427;Щучье;Курганская область;Уральский;10971
428;Дмитриев;Курская область;Центральный;7721
429;Железногорск;Курская область;Центральный;95057
430;Курск;Курская область;Центральный;414595
431;Курчатов;Курская область;Центральный;42691
432;Льгов;Курская область;Центральный;21452
433;Обоянь;Курская область;Центральный;13562
434;Рыльск;Курская область;Центральный;15667
435;Суджа;Курская область;Центральный;6036
436;Фатеж;Курская область;Центральный;5404
437;Щигры;Курская область;Центральный;17043
438;Бокситогорск;Ленинградская область;Северо-Западный;16593
439;Волосово;Ленинградская область;Северо-Западный;12162
440;Волхов;Ленинградская область;Северо-Западный;47344
441;Всеволожск;Ленинградская область;Северо-Западный;59689
442;Выборг;Ленинградская область;Северо-Западный;80013
443;Высоцк;Ленинградская область;Северо-Западный;1244
444;Гатчина;Ленинградская область;Северо-Западный;92566
445;Ивангород;Ленинградская область;Северо-Западный;9797
446;Каменногорск;Ленинградская область;Северо-Западный;6761
447;Кингисепп;Ленинградская область;Северо-Западный;48667
448;Кириши;Ленинградская область;Северо-Западный;52826
449;Кировск;Ленинградская область;Северо-Западный;25633
450;Коммунар;Ленинградская область;Северо-Западный;20265
451;Лодейное Поле;Ленинградская область;Северо-Западный;21053
452;Луга;Ленинградская область;Северо-Западный;36409
453;Любань;Ленинградская область;Северо-Западный;4188
454;Никольское;Ленинградская область;Северо-Западный;19345
455;Новая Ладога;Ленинградская область;Северо-Западный;8890
456;Отрадное;Ленинградская область;Северо-Западный;23874
457;Пикалёво;Ленинградская область;Северо-Западный;21567
458;Подпорожье;Ленинградская область;Северо-Западный;18729
459;Приморск;Ленинградская область;Северо-Западный;6122
460;Приозерск;Ленинградская область;Северо-Западный;18929
461;Светогорск;Ленинградская область;Северо-Западный;15973
462;Сертолово;Ленинградская область;Северо-Западный;47854
463;Сланцы;Ленинградская область;Северо-Западный;33587
464;Сосновый Бор;Ленинградская область;Северо-Западный;65901
465;Сясьстрой;Ленинградская область;Северо-Западный;13747
466;Тихвин;Ленинградская область;Северо-Западный;58843
467;Тосно;Ленинградская область;Северо-Западный;39127
468;Шлиссельбург;Ленинградская область;Северо-Западный;13305
469;Грязи;Липецкая область;Центральный;46798
470;Данков;Липецкая область;Центральный;21056
471;Елец;Липецкая область;Центральный;108404
472;Задонск;Липецкая область;Центральный;9695
473;Лебедянь;Липецкая область;Центральный;20991
474;Липецк;Липецкая область;Центральный;508124
475;Усмань;Липецкая область;Центральный;18752
476;Чаплыгин;Липецкая область;Центральный;12656
477;Магадан;Магаданская область;Дальневосточный;95925
478;Сусуман;Магаданская область;Дальневосточный;5865
479;Волжск;Марий Эл;Приволжский;55671
480;Звенигово;Марий Эл;Приволжский;11945
481;Йошкар-Ола;Марий Эл;Приволжский;248688
482;Козьмодемьянск;Марий Эл;Приволжский;21262
483;Ардатов;Мордовия;Приволжский;9400
484;Инсар;Мордовия;Приволжский;8687
485;Ковылкино;Мордовия;Приволжский;21307
486;Краснослободск;Мордовия;Приволжский;10151
487;Рузаевка;Мордовия;Приволжский;47529
488;Саранск;Мордовия;Приволжский;297425
489;Темников;Мордовия;Приволжский;7247
490;Москва;Москва;Центральный;11514330
491;Апрелевка;Московская область;Центральный;18467
492;Балашиха;Московская область;Центральный;215353
493;Бронницы;Московская область;Центральный;21102
494;Верея;Московская область;Центральный;5368
495;Видное;Московская область;Центральный;56798
496;Волоколамск;Московская область;Центральный;23386
497;Воскресенск;Московская область;Центральный;91301
498;Высоковск;Московская область;Центральный;10642
499;Голицыно;Московская область;Центральный;17447
500;Дедовск;Московская область;Центральный;29280
501;Дзержинский;Московская область;Центральный;47125
502;Дмитров;Московская область;Центральный;61454
503;Долгопрудный;Московская область;Центральный;90976
504;Домодедово;Московская область;Центральный;96123
505;Дрезна;Московская область;Центральный;11815
506;Дубна;Московская область;Центральный;70569
507;Егорьевск;Московская область;Центральный;70133
508;Железнодорожный;Московская область;Центральный;131729
509;Жуковский;Московская область;Центральный;102729
510;Зарайск;Московская область;Центральный;24648
511;Звенигород;Московская область;Центральный;16395
512;Ивантеевка;Московская область;Центральный;58594
513;Истра;Московская область;Центральный;35106
514;Кашира;Московская область;Центральный;41880
515;Климовск;Московская область;Центральный;56113
516;Клин;Московская область;Центральный;80584
517;Коломна;Московская область;Центральный;144642
518;Котельники;Московская область;Центральный;32347
519;Королёв;Московская область;Центральный;183452
520;Красноармейск;Московская область;Центральный;26294
521;Красногорск;Московская область;Центральный;116738
522;Краснозаводск;Московская область;Центральный;13432
523;Краснознаменск;Московская область;Центральный;36057
524;Кубинка;Московская область;Центральный;22918
525;Куровское;Московская область;Центральный;21821
526;Ликино-Дулёво;Московская область;Центральный;31331
527;Лобня;Московская область;Центральный;74350
528;Лосино-Петровский;Московская область;Центральный;22550
529;Луховицы;Московская область;Центральный;29849
530;Лыткарино;Московская область;Центральный;55147
531;Люберцы;Московская область;Центральный;171978
532;Можайск;Московская область;Центральный;31388
533;Московский;Москва;Центральный;17363
534;Мытищи;Московская область;Центральный;173341
535;Наро-Фоминск;Московская область;Центральный;64640
536;Ногинск;Московская область;Центральный;99762
537;Одинцово;Московская область;Центральный;139021
538;Ожерелье;Московская область;Центральный;10444
539;Озёры;Московская область;Центральный;25788
540;Орехово-Зуево;Московская область;Центральный;120620
541;Павловский Посад;Московская область;Центральный;63771
542;Пересвет;Московская область;Центральный;14142
543;Подольск;Московская область;Центральный;187956
544;Протвино;Московская область;Центральный;37308
545;Пушкино;Московская область;Центральный;102840
546;Пущино;Московская область;Центральный;20263
547;Раменское;Московская область;Центральный;96355
548;Реутов;Московская область;Центральный;87195
549;Рошаль;Московская область;Центральный;21265
550;Руза;Московская область;Центральный;13495
551;Сергиев Посад;Московская область;Центральный;110878
552;Серпухов;Московская область;Центральный;126496
553;Солнечногорск;Московская область;Центральный;52996
554;Старая Купавна;Московская область;Центральный;21859
555;Ступино;Московская область;Центральный;66942
556;Талдом;Московская область;Центральный;13819
557;Троицк;Москва;Центральный;39874
558;Фрязино;Московская область;Центральный;55449
559;Химки;Московская область;Центральный;207125
560;Хотьково;Московская область;Центральный;21612
561;Черноголовка;Московская область;Центральный;20986
562;Чехов;Московская область;Центральный;60677
563;Шатура;Московская область;Центральный;32836
564;Щёлково;Московская область;Центральный;110380
565;Щербинка;Москва;Центральный;32836
566;Электрогорск;Московская область;Центральный;22120
567;Электросталь;Московская область;Центральный;155324
568;Электроугли;Московская область;Центральный;20120
569;Юбилейный;Московская область;Центральный;33221
570;Яхрома;Московская область;Центральный;13248
571;Апатиты;Мурманская область;Северо-Западный;59690
572;Гаджиево;Мурманская область;Северо-Западный;11089
573;Заозёрск;Мурманская область;Северо-Западный;11206
574;Заполярный;Мурманская область;Северо-Западный;15835
575;Кандалакша;Мурманская область;Северо-Западный;35659
576;Кировск;Мурманская область;Северо-Западный;28659
577;Ковдор;Мурманская область;Северо-Западный;18836
578;Кола;Мурманская область;Северо-Западный;10447
579;Мончегорск;Мурманская область;Северо-Западный;45381
580;Мурманск;Мурманская область;Северо-Западный;307664
581;Оленегорск;Мурманская область;Северо-Западный;23079
582;Островной;Мурманская область;Северо-Западный;2177
583;Полярные Зори;Мурманская область;Северо-Западный;15106
584;Полярный;Мурманская область;Северо-Западный;17304
585;Североморск;Мурманская область;Северо-Западный;50076
586;Снежногорск;Мурманская область;Северо-Западный;12698
587;Нарьян-Мар;Ненецкий Авт. Окр.;Северо-Западный;21296
588;Арзамас;Нижегородская область;Приволжский;106367
589;Балахна;Нижегородская область;Приволжский;51526
590;Богородск;Нижегородская область;Приволжский;25497
591;Бор;Нижегородская область;Приволжский;78079
592;Ветлуга;Нижегородская область;Приволжский;8956
593;Володарск;Нижегородская область;Приволжский;9924
594;Ворсма;Нижегородская область;Приволжский;11622
595;Выкса;Нижегородская область;Приволжский;56196
596;Горбатов;Нижегородская область;Приволжский;2278
597;Городец;Нижегородская область;Приволжский;30699
598;Дзержинск;Нижегородская область;Приволжский;240762
599;Заволжье;Нижегородская область;Приволжский;40265
600;Княгинино;Нижегородская область;Приволжский;6708
601;Кстово;Нижегородская область;Приволжский;66641
602;Кулебаки;Нижегородская область;Приволжский;35762
603;Лукоянов;Нижегородская область;Приволжский;14949
604;Лысково;Нижегородская область;Приволжский;21882
605;Навашино;Нижегородская область;Приволжский;16413
606;Нижний Новгород;Нижегородская область;Приволжский;1250615
607;Павлово;Нижегородская область;Приволжский;60699
608;Первомайск;Нижегородская область;Приволжский;14567
609;Перевоз;Нижегородская область;Приволжский;9201
610;Саров;Нижегородская область;Приволжский;92073
611;Семёнов;Нижегородская область;Приволжский;24472
612;Сергач;Нижегородская область;Приволжский;21387
613;Урень;Нижегородская область;Приволжский;12311
614;Чкаловск;Нижегородская область;Приволжский;12371
615;Шахунья;Нижегородская область;Приволжский;21337
616;Боровичи;Новгородская область;Северо-Западный;54731
617;Валдай;Новгородская область;Северо-Западный;16099
618;Великий Новгород;Новгородская область;Северо-Западный;218724
619;Малая Вишера;Новгородская область;Северо-Западный;12461
620;Окуловка;Новгородская область;Северо-Западный;12464
621;Пестово;Новгородская область;Северо-Западный;15911
622;Сольцы;Новгородская область;Северо-Западный;10317
623;Старая Русса;Новгородская область;Северо-Западный;32235
624;Холм;Новгородская область;Северо-Западный;3829
625;Чудово;Новгородская область;Северо-Западный;16148
626;Барабинск;Новосибирская область;Сибирский;30250
627;Бердск;Новосибирская область;Сибирский;98809
628;Болотное;Новосибирская область;Сибирский;16969
629;Искитим;Новосибирская область;Сибирский;60072
630;Карасук;Новосибирская область;Сибирский;28929
631;Каргат;Новосибирская область;Сибирский;10620
632;Куйбышев;Новосибирская область;Сибирский;47278
633;Купино;Новосибирская область;Сибирский;15448
634;Новосибирск;Новосибирская область;Сибирский;1498921
635;Обь;Новосибирская область;Сибирский;26137
636;Татарск;Новосибирская область;Сибирский;26114
637;Тогучин;Новосибирская область;Сибирский;21531
638;Черепаново;Новосибирская область;Сибирский;19346
639;Чулым;Новосибирская область;Сибирский;11964
640;Исилькуль;Омская область;Сибирский;25905
641;Калачинск;Омская область;Сибирский;24000
642;Называевск;Омская область;Сибирский;12119
643;Омск;Омская область;Сибирский;1154000
644;Тара;Омская область;Сибирский;26664
645;Тюкалинск;Омская область;Сибирский;12050
646;Абдулино;Оренбургская область;Приволжский;20663
647;Бугуруслан;Оренбургская область;Приволжский;52249
648;Бузулук;Оренбургская область;Приволжский;82816
649;Гай;Оренбургская область;Приволжский;38302
650;Кувандык;Оренбургская область;Приволжский;26176
651;Медногорск;Оренбургская область;Приволжский;27253
652;Новотроицк;Оренбургская область;Приволжский;97914
653;Оренбург;Оренбургская область;Приволжский;570329
654;Орск;Оренбургская область;Приволжский;238006
655;Соль-Илецк;Оренбургская область;Приволжский;26308
656;Сорочинск;Оренбургская область;Приволжский;30136
657;Ясный;Оренбургская область;Приволжский;16082
658;Болхов;Орловская область;Центральный;11421
659;Дмитровск;Орловская область;Центральный;5956
660;Ливны;Орловская область;Центральный;50430
661;Малоархангельск;Орловская область;Центральный;3872
662;Мценск;Орловская область;Центральный;43216
663;Новосиль;Орловская область;Центральный;3799
664;Орёл;Орловская область;Центральный;317854
665;Белинский;Пензенская область;Приволжский;8567
666;Городище;Пензенская область;Приволжский;8102
667;Заречный;Пензенская область;Приволжский;63579
668;Каменка;Пензенская область;Приволжский;39579
669;Кузнецк;Пензенская область;Приволжский;88886
670;Нижний Ломов;Пензенская область;Приволжский;22678
671;Никольск;Пензенская область;Приволжский;22471
672;Пенза;Пензенская область;Приволжский;519592
673;Сердобск;Пензенская область;Приволжский;35393
674;Спасск;Пензенская область;Приволжский;7442
675;Сурск;Пензенская область;Приволжский;7032
676;Александровск;Пермский край;Приволжский;15022
677;Березники;Пермский край;Приволжский;156350
678;Верещагино;Пермский край;Приволжский;22760
679;Горнозаводск;Пермский край;Приволжский;12334
680;Гремячинск;Пермский край;Приволжский;11005
681;Губаха;Пермский край;Приволжский;27544
682;Добрянка;Пермский край;Приволжский;35720
683;Кизел;Пермский край;Приволжский;20277
684;Красновишерск;Пермский край;Приволжский;17129
685;Краснокамск;Пермский край;Приволжский;52632
686;Кудымкар;Пермский край;Приволжский;30711
687;Кунгур;Пермский край;Приволжский;67857
688;Лысьва;Пермский край;Приволжский;67712
689;Нытва;Пермский край;Приволжский;19041
690;Оса;Пермский край;Приволжский;22420
691;Оханск;Пермский край;Приволжский;7597
692;Очёр;Пермский край;Приволжский;15003
693;Пермь;Пермский край;Приволжский;1000679
694;Соликамск;Пермский край;Приволжский;97239
695;Усолье;Пермский край;Приволжский;5694
696;Чайковский;Пермский край;Приволжский;82933
697;Чердынь;Пермский край;Приволжский;4920
698;Чёрмоз;Пермский край;Приволжский;4017
699;Чернушка;Пермский край;Приволжский;33275
700;Чусовой;Пермский край;Приволжский;46740
701;Арсеньев;Приморский край;Дальневосточный;56742
702;Артём;Приморский край;Дальневосточный;102636
703;Большой Камень;Приморский край;Дальневосточный;40701
704;Владивосток;Приморский край;Дальневосточный;592069
705;Дальнегорск;Приморский край;Дальневосточный;37503
706;Дальнереченск;Приморский край;Дальневосточный;27601
707;Лесозаводск;Приморский край;Дальневосточный;36975
708;Находка;Приморский край;Дальневосточный;159695
709;Партизанск;Приморский край;Дальневосточный;38648
710;Спасск-Дальний;Приморский край;Дальневосточный;44166
711;Уссурийск;Приморский край;Дальневосточный;157946
712;Фокино;Приморский край;Дальневосточный;23683
713;Великие Луки;Псковская область;Северо-Западный;98778
714;Гдов;Псковская область;Северо-Западный;4379
715;Дно;Псковская область;Северо-Западный;9061
716;Невель;Псковская область;Северо-Западный;16324
717;Новоржев;Псковская область;Северо-Западный;3695
718;Новосокольники;Псковская область;Северо-Западный;8119
719;Опочка;Псковская область;Северо-Западный;11601
720;Остров;Псковская область;Северо-Западный;21670
721;Печоры;Псковская область;Северо-Западный;12308
722;Порхов;Псковская область;Северо-Западный;10608
723;Псков;Псковская область;Северо-Западный;203974
724;Пустошка;Псковская область;Северо-Западный;4619
725;Пыталово;Псковская область;Северо-Западный;5826
726;Себеж;Псковская область;Северо-Западный;6375
727;Азов;Ростовская область;Южный;82882
728;Аксай;Ростовская область;Южный;41984
729;Батайск;Ростовская область;Южный;112400
730;Белая Калитва;Ростовская область;Южный;43688
731;Волгодонск;Ростовская область;Южный;170621
732;Гуково;Ростовская область;Южный;67268
733;Донецк;Ростовская область;Южный;50085
734;Зверево;Ростовская область;Южный;22416
735;Зерноград;Ростовская область;Южный;26850
736;Каменск-Шахтинский;Ростовская область;Южный;95306
737;Константиновск;Ростовская область;Южный;17926
738;Красный Сулин;Ростовская область;Южный;40866
739;Миллерово;Ростовская область;Южный;36493
740;Морозовск;Ростовская область;Южный;27644
741;Новочеркасск;Ростовская область;Южный;169039
742;Новошахтинск;Ростовская область;Южный;111087
743;Пролетарск;Ростовская область;Южный;20267
744;Ростов-на-Дону;Ростовская область;Южный;1091544
745;Сальск;Ростовская область;Южный;61312
746;Семикаракорск;Ростовская область;Южный;23884
747;Таганрог;Ростовская область;Южный;257692
748;Цимлянск;Ростовская область;Южный;15029
749;Шахты;Ростовская область;Южный;240152
750;Касимов;Рязанская область;Центральный;33494
751;Кораблино;Рязанская область;Центральный;12657
752;Михайлов;Рязанская область;Центральный;11783
753;Новомичуринск;Рязанская область;Центральный;19309
754;Рыбное;Рязанская область;Центральный;18378
755;Ряжск;Рязанская область;Центральный;21676
756;Рязань;Рязанская область;Центральный;525062
757;Сасово;Рязанская область;Центральный;28117
758;Скопин;Рязанская область;Центральный;30374
759;Спас-Клепики;Рязанская область;Центральный;5917
760;Спасск-Рязанский;Рязанская область;Центральный;7745
761;Шацк;Рязанская область;Центральный;6562
762;Жигулёвск;Самарская область;Приволжский;57565
763;Кинель;Самарская область;Приволжский;34472
764;Нефтегорск;Самарская область;Приволжский;18732
765;Новокуйбышевск;Самарская область;Приволжский;108449
766;Октябрьск;Самарская область;Приволжский;27244
767;Отрадный;Самарская область;Приволжский;47709
768;Похвистнево;Самарская область;Приволжский;28181
769;Самара;Самарская область;Приволжский;1164900
770;Сызрань;Самарская область;Приволжский;178773
771;Тольятти;Самарская область;Приволжский;719484
772;Чапаевск;Самарская область;Приволжский;72689
773;Зеленогорск;Санкт-Петербург;Северо-Западный;12859
774;Колпино;Санкт-Петербург;Северо-Западный;138013
775;Красное Село;Санкт-Петербург;Северо-Западный;44485
776;Кронштадт;Санкт-Петербург;Северо-Западный;42999
777;Ломоносов;Санкт-Петербург;Северо-Западный;43002
778;Павловск;Санкт-Петербург;Северо-Западный;16058
779;Петергоф;Санкт-Петербург;Северо-Западный;73154
780;Пушкин;Санкт-Петербург;Северо-Западный;92721
781;Санкт-Петербург;Санкт-Петербург;Северо-Западный;4848742
782;Сестрорецк;Санкт-Петербург;Северо-Западный;36680
783;Аркадак;Саратовская область;Приволжский;12846
784;Аткарск;Саратовская область;Приволжский;25620
785;Балаково;Саратовская область;Приволжский;199576
786;Балашов;Саратовская область;Приволжский;82222
787;Вольск;Саратовская область;Приволжский;66520
788;Ершов;Саратовская область;Приволжский;21447
789;Калининск;Саратовская область;Приволжский;16442
790;Красноармейск;Саратовская область;Приволжский;24362
791;Красный Кут;Саратовская область;Приволжский;14420
792;Маркс;Саратовская область;Приволжский;31535
793;Новоузенск;Саратовская область;Приволжский;17015
794;Петровск;Саратовская область;Приволжский;31158
795;Пугачёв;Саратовская область;Приволжский;41705
796;Ртищево;Саратовская область;Приволжский;41295
797;Саратов;Саратовская область;Приволжский;836900
798;Хвалынск;Саратовская область;Приволжский;13199
799;Шиханы;Саратовская область;Приволжский;6067
800;Энгельс;Саратовская область;Приволжский;202838
801;Александровск-Сахалинский;Сахалинская область;Дальневосточный;10613
802;Анива;Сахалинская область;Дальневосточный;8449
803;Долинск;Сахалинская область;Дальневосточный;12200
804;Корсаков;Сахалинская область;Дальневосточный;33526
805;Курильск;Сахалинская область;Дальневосточный;2070
806;Макаров;Сахалинская область;Дальневосточный;6788
807;Невельск;Сахалинская область;Дальневосточный;11682
808;Оха;Сахалинская область;Дальневосточный;23007
809;Поронайск;Сахалинская область;Дальневосточный;16461
810;Северо-Курильск;Сахалинская область;Дальневосточный;2381
811;Томари;Сахалинская область;Дальневосточный;4537
812;Углегорск;Сахалинская область;Дальневосточный;11880
813;Холмск;Сахалинская область;Дальневосточный;30936
814;Шахтёрск;Сахалинская область;Дальневосточный;8382
815;Южно-Сахалинск;Сахалинская область;Дальневосточный;181727
816;Алапаевск;Свердловская область;Уральский;38198
817;Арамиль;Свердловская область;Уральский;14227
818;Артёмовский;Свердловская область;Уральский;32878
819;Асбест;Свердловская область;Уральский;70067
820;Берёзовский;Свердловская область;Уральский;51583
821;Богданович;Свердловская область;Уральский;31752
822;Верхний Тагил;Свердловская область;Уральский;11843
823;Верхняя Пышма;Свердловская область;Уральский;58707
824;Верхняя Салда;Свердловская область;Уральский;46240
825;Верхняя Тура;Свердловская область;Уральский;9468
826;Верхотурье;Свердловская область;Уральский;8815
827;Волчанск;Свердловская область;Уральский;10008
828;Дегтярск;Свердловская область;Уральский;15521
829;Екатеринбург;Свердловская область;Уральский;1377738
830;Заречный;Свердловская область;Уральский;26803
831;Ивдель;Свердловская область;Уральский;17764
832;Ирбит;Свердловская область;Уральский;38352
833;Каменск-Уральский;Свердловская область;Уральский;174710
834;Камышлов;Свердловская область;Уральский;26875
835;Карпинск;Свердловская область;Уральский;29118
836;Качканар;Свердловская область;Уральский;42563
837;Кировград;Свердловская область;Уральский;21959
838;Краснотурьинск;Свердловская область;Уральский;59701
839;Красноуральск;Свердловская область;Уральский;24973
840;Красноуфимск;Свердловская область;Уральский;80457
841;Кушва;Свердловская область;Уральский;33027
842;Лесной;Свердловская область;Уральский;52464
843;Михайловск;Свердловская область;Уральский;9215
844;Невьянск;Свердловская область;Уральский;25147
845;Нижние Серги;Свердловская область;Уральский;11217
846;Нижний Тагил;Свердловская область;Уральский;361883
847;Нижняя Салда;Свердловская область;Уральский;17969
848;Нижняя Тура;Свердловская область;Уральский;21596
849;Новая Ляля;Свердловская область;Уральский;12400
850;Новоуральск;Свердловская область;Уральский;91813
851;Первоуральск;Свердловская область;Уральский;149800
852;Полевской;Свердловская область;Уральский;64316
853;Ревда;Свердловская область;Уральский;61713
854;Реж;Свердловская область;Уральский;38709
855;Североуральск;Свердловская область;Уральский;29279
856;Серов;Свердловская область;Уральский;99381
857;Среднеуральск;Свердловская область;Уральский;20357
858;Сухой Лог;Свердловская область;Уральский;34836
859;Сысерть;Свердловская область;Уральский;20594
860;Тавда;Свердловская область;Уральский;35421
861;Талица;Свердловская область;Уральский;18339
862;Туринск;Свердловская область;Уральский;17990
863;Алагир;Северная Осетия - Алания;Северо-Кавказский;20949
864;Ардон;Северная Осетия - Алания;Северо-Кавказский;18774
865;Беслан;Северная Осетия - Алания;Северо-Кавказский;36724
866;Владикавказ;Северная Осетия - Алания;Северо-Кавказский;311635
867;Дигора;Северная Осетия - Алания;Северо-Кавказский;10856
868;Моздок;Северная Осетия - Алания;Северо-Кавказский;38748
869;Велиж;Смоленская область;Центральный;7620
870;Вязьма;Смоленская область;Центральный;57103
871;Гагарин;Смоленская область;Центральный;31721
872;Демидов;Смоленская область;Центральный;7333
873;Десногорск;Смоленская область;Центральный;29677
874;Дорогобуж;Смоленская область;Центральный;10720
875;Духовщина;Смоленская область;Центральный;4370
876;Ельня;Смоленская область;Центральный;10095
877;Починок;Смоленская область;Центральный;8776
878;Рославль;Смоленская область;Центральный;54898
879;Рудня;Смоленская область;Центральный;10029
880;Сафоново;Смоленская область;Центральный;46116
881;Смоленск;Смоленская область;Центральный;326863
882;Сычёвка;Смоленская область;Центральный;8111
883;Ярцево;Смоленская область;Центральный;47853
884;Благодарный;Ставропольский край;Северо-Кавказский;32736
885;Будённовск;Ставропольский край;Северо-Кавказский;64628
886;Георгиевск;Ставропольский край;Северо-Кавказский;72126
887;Ессентуки;Ставропольский край;Северо-Кавказский;100969
888;Железноводск;Ставропольский край;Северо-Кавказский;24496
889;Зеленокумск;Ставропольский край;Северо-Кавказский;35790
890;Изобильный;Ставропольский край;Северо-Кавказский;40546
891;Ипатово;Ставропольский край;Северо-Кавказский;26055
892;Кисловодск;Ставропольский край;Северо-Кавказский;128502
893;Лермонтов;Ставропольский край;Северо-Кавказский;22540
894;Минеральные Воды;Ставропольский край;Северо-Кавказский;76715
895;Михайловск;Ставропольский край;Северо-Кавказский;71018
896;Невинномысск;Ставропольский край;Северо-Кавказский;118351
897;Нефтекумск;Ставропольский край;Северо-Кавказский;27700
898;Новоалександровск;Ставропольский край;Северо-Кавказский;26759
899;Новопавловск;Ставропольский край;Северо-Кавказский;26556
900;Пятигорск;Ставропольский край;Северо-Кавказский;142397
901;Светлоград;Ставропольский край;Северо-Кавказский;38520
902;Ставрополь;Ставропольский край;Северо-Кавказский;398266
903;Жердевка;Тамбовская область;Центральный;15211
904;Кирсанов;Тамбовская область;Центральный;17240
905;Котовск;Тамбовская область;Центральный;31851
906;Мичуринск;Тамбовская область;Центральный;98758
907;Моршанск;Тамбовская область;Центральный;41550
908;Рассказово;Тамбовская область;Центральный;45484
909;Тамбов;Тамбовская область;Центральный;280457
910;Уварово;Тамбовская область;Центральный;26829
911;Агрыз;Татарстан;Приволжский;19299
912;Азнакаево;Татарстан;Приволжский;34859
913;Альметьевск;Татарстан;Приволжский;146309
914;Арск;Татарстан;Приволжский;18114
915;Бавлы;Татарстан;Приволжский;22109
916;Болгар;Татарстан;Приволжский;8650
917;Бугульма;Татарстан;Приволжский;89144
918;Буинск;Татарстан;Приволжский;20342
919;Елабуга;Татарстан;Приволжский;70750
920;Заинск;Татарстан;Приволжский;41798
921;Зеленодольск;Татарстан;Приволжский;97651
922;Казань;Татарстан;Приволжский;1143546
923;Лаишево;Татарстан;Приволжский;7735
924;Лениногорск;Татарстан;Приволжский;64145
925;Мамадыш;Татарстан;Приволжский;14432
926;Менделеевск;Татарстан;Приволжский;22075
927;Мензелинск;Татарстан;Приволжский;16474
928;Набережные Челны;Татарстан;Приволжский;513242
929;Нижнекамск;Татарстан;Приволжский;234108
930;Нурлат;Татарстан;Приволжский;32600
931;Тетюши;Татарстан;Приволжский;11596
932;Чистополь;Татарстан;Приволжский;60703
933;Андреаполь;Тверская область;Центральный;8265
934;Бежецк;Тверская область;Центральный;24517
935;Белый;Тверская область;Центральный;3771
936;Бологое;Тверская область;Центральный;23499
937;Весьегонск;Тверская область;Центральный;7330
938;Вышний Волочёк;Тверская область;Центральный;52326
939;Западная Двина;Тверская область;Центральный;9376
940;Зубцов;Тверская область;Центральный;6937
941;Калязин;Тверская область;Центральный;13870
942;Кашин;Тверская область;Центральный;16174
943;Кимры;Тверская область;Центральный;49623
944;Конаково;Тверская область;Центральный;41303
945;Красный Холм;Тверская область;Центральный;5608
946;Кувшиново;Тверская область;Центральный;10008
947;Лихославль;Тверская область;Центральный;12259
948;Нелидово;Тверская область;Центральный;22886
949;Осташков;Тверская область;Центральный;18073
950;Ржев;Тверская область;Центральный;62026
951;Старица;Тверская область;Центральный;8610
952;Тверь;Тверская область;Центральный;403726
953;Торжок;Тверская область;Центральный;47702
954;Торопец;Тверская область;Центральный;13018
955;Удомля;Тверская область;Центральный;31048
956;Асино;Томская область;Сибирский;25614
957;Кедровый;Томская область;Сибирский;2451
958;Колпашево;Томская область;Сибирский;24126
959;Северск;Томская область;Сибирский;108466
960;Стрежевой;Томская область;Сибирский;42216
961;Томск;Томская область;Сибирский;522940
962;Алексин;Тульская область;Центральный;61738
963;Белёв;Тульская область;Центральный;13918
964;Богородицк;Тульская область;Центральный;31897
965;Болохово;Тульская область;Центральный;9619
966;Венёв;Тульская область;Центральный;15220
967;Донской;Тульская область;Центральный;64561
968;Ефремов;Тульская область;Центральный;42350
969;Кимовск;Тульская область;Центральный;28493
970;Киреевск;Тульская область;Центральный;25585
971;Липки;Тульская область;Центральный;8741
972;Новомосковск;Тульская область;Центральный;131227
973;Плавск;Тульская область;Центральный;16248
974;Суворов;Тульская область;Центральный;18975
975;Тула;Тульская область;Центральный;501129
976;Узловая;Тульская область;Центральный;55282
977;Чекалин;Тульская область;Центральный;994
978;Щёкино;Тульская область;Центральный;58154
979;Ясногорск;Тульская область;Центральный;16804
980;Советск;Тульская область;Центральный;7537
981;Ак-Довурак;Тыва;Сибирский;13469
982;Кызыл;Тыва;Сибирский;109906
983;Туран;Тыва;Сибирский;4988
984;Чадан;Тыва;Сибирский;9037
985;Шагонар;Тыва;Сибирский;10958
986;Заводоуковск;Тюменская область;Уральский;25657
987;Ишим;Тюменская область;Уральский;69567
988;Тобольск;Тюменская область;Уральский;99698
989;Тюмень;Тюменская область;Уральский;581758
990;Ялуторовск;Тюменская область;Уральский;36494
991;Воткинск;Удмуртия;Приволжский;100034
992;Глазов;Удмуртия;Приволжский;95835
993;Ижевск;Удмуртия;Приволжский;628117
994;Камбарка;Удмуртия;Приволжский;11028
995;Можга;Удмуртия;Приволжский;47959
996;Сарапул;Удмуртия;Приволжский;101390
997;Барыш;Ульяновская область;Приволжский;17149
998;Димитровград;Ульяновская область;Приволжский;122549
999;Инза;Ульяновская область;Приволжский;18547
1000;Новоульяновск;Ульяновская область;Приволжский;16032
1001;Сенгилей;Ульяновская область;Приволжский;6959
1002;Ульяновск;Ульяновская область;Приволжский;613793
1003;Амурск;Хабаровский край;Дальневосточный;42977
1004;Бикин;Хабаровский край;Дальневосточный;17156
1005;Вяземский;Хабаровский край;Дальневосточный;14556
1006;Комсомольск-на-Амуре;Хабаровский край;Дальневосточный;263906
1007;Николаевск-на-Амуре;Хабаровский край;Дальневосточный;22773
1008;Советская Гавань;Хабаровский край;Дальневосточный;27712
1009;Хабаровск;Хабаровский край;Дальневосточный;577668
1010;Абаза;Хакасия;Сибирский;17111
1011;Абакан;Хакасия;Сибирский;165183
1012;Саяногорск;Хакасия;Сибирский;49889
1013;Сорск;Хакасия;Сибирский;12140
1014;Черногорск;Хакасия;Сибирский;72117
1015;Белоярский;Ханты-Мансийский авт. окр.;Уральский;20283
1016;Когалым;Ханты-Мансийский авт. окр.;Уральский;58192
1017;Лангепас;Ханты-Мансийский авт. окр.;Уральский;41675
1018;Лянтор;Ханты-Мансийский авт. окр.;Уральский;38922
1019;Мегион;Ханты-Мансийский авт. окр.;Уральский;49471
1020;Нефтеюганск;Ханты-Мансийский авт. окр.;Уральский;123276
1021;Нижневартовск;Ханты-Мансийский авт. окр.;Уральский;251860
1022;Нягань;Ханты-Мансийский авт. окр.;Уральский;54903
1023;Покачи;Ханты-Мансийский авт. окр.;Уральский;17053
1024;Пыть-Ях;Ханты-Мансийский авт. окр.;Уральский;41453
1025;Радужный;Ханты-Мансийский авт. окр.;Уральский;43394
1026;Советский;Ханты-Мансийский авт. окр.;Уральский;26434
1027;Сургут;Ханты-Мансийский авт. окр.;Уральский;306703
1028;Урай;Ханты-Мансийский авт. окр.;Уральский;39435
1029;Ханты-Мансийск;Ханты-Мансийский авт. окр.;Уральский;79410
1030;Югорск;Ханты-Мансийский авт. окр.;Уральский;34066
1031;Аша;Челябинская область;Уральский;31916
1032;Бакал;Челябинская область;Уральский;20953
1033;Верхнеуральск;Челябинская область;Уральский;9459
1034;Верхний Уфалей;Челябинская область;Уральский;30504
1035;Еманжелинск;Челябинская область;Уральский;30218
1036;Златоуст;Челябинская область;Уральский;174985
1037;Карабаш;Челябинская область;Уральский;13151
1038;Карталы;Челябинская область;Уральский;29136
1039;Касли;Челябинская область;Уральский;16998
1040;Катав-Ивановск;Челябинская область;Уральский;17640
1041;Копейск;Челябинская область;Уральский;137604
1042;Коркино;Челябинская область;Уральский;38950
1043;Куса;Челябинская область;Уральский;18792
1044;Кыштым;Челябинская область;Уральский;38950
1045;Магнитогорск;Челябинская область;Уральский;408401
1046;Миасс;Челябинская область;Уральский;151812
1047;Миньяр;Челябинская область;Уральский;10195
1048;Нязепетровск;Челябинская область;Уральский;12452
1049;Озёрск;Челябинская область;Уральский;82268
1050;Пласт;Челябинская область;Уральский;17344
1051;Сатка;Челябинская область;Уральский;45465
1052;Сим;Челябинская область;Уральский;14465
1053;Снежинск;Челябинская область;Уральский;48896
1054;Трёхгорный;Челябинская область;Уральский;33678
1055;Троицк;Челябинская область;Уральский;78637
1056;Усть-Катав;Челябинская область;Уральский;23586
1057;Чебаркуль;Челябинская область;Уральский;43405
1058;Челябинск;Челябинская область;Уральский;1130273
1059;Южноуральск;Челябинская область;Уральский;37890
1060;Юрюзань;Челябинская область;Уральский;12568
1061;Аргун;Чечня;Северо-Кавказский;29528
1062;Грозный;Чечня;Северо-Кавказский;271596
1063;Гудермес;Чечня;Северо-Кавказский;45643
1064;Урус-Мартан;Чечня;Северо-Кавказский;49071
1065;Шали;Чечня;Северо-Кавказский;47715
1066;Алатырь;Чувашия;Приволжский;38202
1067;Канаш;Чувашия;Приволжский;45608
1068;Козловка;Чувашия;Приволжский;10355
1069;Мариинский Посад;Чувашия;Приволжский;10186
1070;Новочебоксарск;Чувашия;Приволжский;124094
1071;Цивильск;Чувашия;Приволжский;13478
1072;Чебоксары;Чувашия;Приволжский;447929
1073;Шумерля;Чувашия;Приволжский;33412
1074;Ядрин;Чувашия;Приволжский;9614
1075;Анадырь;Чукотский авт. окр.;Дальневосточный;13053
1076;Билибино;Чукотский авт. окр.;Дальневосточный;5504
1077;Певек;Чукотский авт. окр.;Дальневосточный;4161
1078;Алдан;Якутия;Дальневосточный;21277
1079;Верхоянск;Якутия;Дальневосточный;1311
1080;Вилюйск;Якутия;Дальневосточный;10233
1081;Ленск;Якутия;Дальневосточный;24955
1082;Мирный;Якутия;Дальневосточный;37179
1083;Нерюнгри;Якутия;Дальневосточный;61746
1084;Нюрба;Якутия;Дальневосточный;10156
1085;Олёкминск;Якутия;Дальневосточный;9487
1086;Покровск;Якутия;Дальневосточный;9495
1087;Среднеколымск;Якутия;Дальневосточный;3525
1088;Томмот;Якутия;Дальневосточный;8054
1089;Удачный;Якутия;Дальневосточный;12611
1090;Якутск;Якутия;Дальневосточный;269486
1091;Губкинский;Ямало-Ненецкий авт. окр.;Уральский;23340
1092;Лабытнанги;Ямало-Ненецкий авт. окр.;Уральский;26948
1093;Муравленко;Ямало-Ненецкий авт. окр.;Уральский;33401
1094;Надым;Ямало-Ненецкий авт. окр.;Уральский;46550
1095;Новый Уренгой;Ямало-Ненецкий авт. окр.;Уральский;104144
1096;Ноябрьск;Ямало-Ненецкий авт. окр.;Уральский;110572
1097;Салехард;Ямало-Ненецкий авт. окр.;Уральский;42494
1098;Тарко-Сале;Ямало-Ненецкий авт. окр.;Уральский;20372
1099;Гаврилов-Ям;Ярославская область;Центральный;17792
1100;Данилов;Ярославская область;Центральный;15861
1101;Любим;Ярославская область;Центральный;5553
1102;Мышкин;Ярославская область;Центральный;5932
1103;Переславль-Залесский;Ярославская область;Центральный;41923
1104;Пошехонье;Ярославская область;Центральный;6085
1105;Ростов;Ярославская область;Центральный;31791
1106;Рыбинск;Ярославская область;Центральный;200771
1107;Тутаев;Ярославская область;Центральный;41001
1108;Углич;Ярославская область;Центральный;34505
1109;Ярославль;Ярославская область;Центральный;591486